cweId,cweURL,cveFrequency,cweToCvePath,cvedetailssiteHash,cvssv3
79,//www.cvedetails.com/cwe-details/79/Failure-to-Preserve-Web-Page-Structure-039-Cross-site-Scr.html,20160,https://www.cvedetails.com/vulnerability-list/cweid-79/vulnerabilities.html,594961b79c378973682cafd728523d98e73bed58,4.031960917
119,//www.cvedetails.com/cwe-details/119/Failure-to-Constrain-Operations-within-the-Bounds-of-a-Memor.html,11983,https://www.cvedetails.com/vulnerability-list/cweid-119/vulnerabilities.html,a76f56dbb935840fc028b135d550322223547356,7.598726061
20,//www.cvedetails.com/cwe-details/20/Improper-Input-Validation.html,9176,https://www.cvedetails.com/vulnerability-list/cweid-20/vulnerabilities.html,5b38f07093ff05a63252a5a8e7d028e6927883ee,5.987323159
89,//www.cvedetails.com/cwe-details/89/Improper-Sanitization-of-Special-Elements-used-in-an-SQL-Com.html,8596,https://www.cvedetails.com/vulnerability-list/cweid-89/vulnerabilities.html,5f0f222f83dbb9952b531420141097afdefc98d1,7.124651688
200,//www.cvedetails.com/cwe-details/200/Information-Exposure.html,7536,https://www.cvedetails.com/vulnerability-list/cweid-200/vulnerabilities.html,53aab1c7f38efc36d5c131e295655d8427038a35,4.26129898
787,//www.cvedetails.com/cwe-details/787/Out-of-bounds-Write.html,6627,https://www.cvedetails.com/vulnerability-list/cweid-787/vulnerabilities.html,bc030a0439cae9a99f719d2bc974d9476bbc42fc,6.896399515
22,//www.cvedetails.com/cwe-details/22/Improper-Limitation-of-a-Pathname-to-a-Restricted-Directory-.html,4728,https://www.cvedetails.com/vulnerability-list/cweid-22/vulnerabilities.html,3027a88c1cb77e186062e297bad7e6637bcf0b66,5.86166113
125,//www.cvedetails.com/cwe-details/125/Out-of-bounds-Read.html,4441,https://www.cvedetails.com/vulnerability-list/cweid-125/vulnerabilities.html,164e7d8141f25c84bbf81fe4f6d60ad8fb4e266c,5.255587461
416,//www.cvedetails.com/cwe-details/416/Use-After-Free.html,3026,https://www.cvedetails.com/vulnerability-list/cweid-416/vulnerabilities.html,d9dc7d7fa86fb8187ff6bf19fb213b05035865f1,6.845341159
94,//www.cvedetails.com/cwe-details/94/Failure-to-Control-Generation-of-Code-039-Code-Injection-.html,2860,https://www.cvedetails.com/vulnerability-list/cweid-94/vulnerabilities.html,a1fd2a020c79e67078e72b7f12570e6f7c9111a8,7.57027027
287,//www.cvedetails.com/cwe-details/287/Improper-Authentication.html,2853,https://www.cvedetails.com/vulnerability-list/cweid-287/vulnerabilities.html,4cb9c0d8e99705694ca33d7df0d3a632da0c3dc9,6.401187384
78,//www.cvedetails.com/cwe-details/78/Improper-Sanitization-of-Special-Elements-used-in-an-OS-Comm.html,2216,https://www.cvedetails.com/vulnerability-list/cweid-78/vulnerabilities.html,930a68ee5cb2b8cbb3d16e9e0b22a9f3229c80a6,8.264503817
269,//www.cvedetails.com/cwe-details/269/Improper-Privilege-Management.html,2174,https://www.cvedetails.com/vulnerability-list/cweid-269/vulnerabilities.html,62ecfc4be6b18929c49c45b5c9c637a2fcf4c43c,5.91075217
476,//www.cvedetails.com/cwe-details/476/NULL-Pointer-Dereference.html,1937,https://www.cvedetails.com/vulnerability-list/cweid-476/vulnerabilities.html,1421c370f45e839fc16fc5a3dd5e7b6b86461697,5.026399561
190,//www.cvedetails.com/cwe-details/190/Integer-Overflow-or-Wraparound.html,1729,https://www.cvedetails.com/vulnerability-list/cweid-190/vulnerabilities.html,a783ab6d98f0da88bdf38edae0e326d8679bc9c1,5.929082241
434,//www.cvedetails.com/cwe-details/434/Unrestricted-Upload-of-File-with-Dangerous-Type.html,1394,https://www.cvedetails.com/vulnerability-list/cweid-434/vulnerabilities.html,74fd648e32554ccce5a7e23efd8abb0ceb210971,6.916089109
120,//www.cvedetails.com/cwe-details/120/Buffer-Copy-without-Checking-Size-of-Input-039-Classic-Bu.html,1369,https://www.cvedetails.com/vulnerability-list/cweid-120/vulnerabilities.html,701787f5ae1e7a6444f27479af3c2a32af4552ff,6.59942623
400,//www.cvedetails.com/cwe-details/400/Uncontrolled-Resource-Consumption-039-Resource-Exhaustion.html,1197,https://www.cvedetails.com/vulnerability-list/cweid-400/vulnerabilities.html,95eef83b18d4ad23ffc0362ebfdfb745e46bd99b,5.320940959
77,//www.cvedetails.com/cwe-details/77/Improper-Sanitization-of-Special-Elements-used-in-a-Command-.html,1189,https://www.cvedetails.com/vulnerability-list/cweid-77/vulnerabilities.html,e32b864e203efbd86e4fe4a513cb28c7ba947d9a,7.526078431
362,//www.cvedetails.com/cwe-details/362/Race-Condition.html,1145,https://www.cvedetails.com/vulnerability-list/cweid-362/vulnerabilities.html,bc9580d0a63308ed92c69443b76f1a0e395fdc9e,5.578101504
732,//www.cvedetails.com/cwe-details/732/Incorrect-Permission-Assignment-for-Critical-Resource.html,956,https://www.cvedetails.com/vulnerability-list/cweid-732/vulnerabilities.html,cf7292a140b4be8e30e26f87ee90eee48d9ae671,5.418394649
284,//www.cvedetails.com/cwe-details/284/Access-Control-Authorization-Issues.html,947,https://www.cvedetails.com/vulnerability-list/cweid-284/vulnerabilities.html,8b1197b411cc85c89acf885a9c2ecb172a647f40,6.025080386
798,//www.cvedetails.com/cwe-details/798/Use-of-Hard-coded-Credentials.html,888,https://www.cvedetails.com/vulnerability-list/cweid-798/vulnerabilities.html,357e98346520d8abbf1be7590637ba8e8d9f2cc9,6.960740741
59,//www.cvedetails.com/cwe-details/59/Improper-Link-Resolution-Before-File-Access-039-Link-Foll.html,854,https://www.cvedetails.com/vulnerability-list/cweid-59/vulnerabilities.html,adf6176f0ce19ea7af37daffeee17537e3e6cf8d,5.243236715
502,//www.cvedetails.com/cwe-details/502/Deserialization-of-Untrusted-Data.html,835,https://www.cvedetails.com/vulnerability-list/cweid-502/vulnerabilities.html,604ccab82b0ede822cb3b5d3a206404da736d1b1,7.270080863
74,//www.cvedetails.com/cwe-details/74/Failure-to-Sanitize-Data-into-a-Different-Plane-039-Injec.html,820,https://www.cvedetails.com/vulnerability-list/cweid-74/vulnerabilities.html,bf28383d03c961caa1c7c3da78c1c0b97edd3771,6.09005168
522,//www.cvedetails.com/cwe-details/522/Insufficiently-Protected-Credentials.html,787,https://www.cvedetails.com/vulnerability-list/cweid-522/vulnerabilities.html,6c625e6c196544122ef8dc9e3e00f154cdfb9506,4.201088435
611,//www.cvedetails.com/cwe-details/611/Information-Leak-Through-XML-External-Entity-File-Disclosure.html,780,https://www.cvedetails.com/vulnerability-list/cweid-611/vulnerabilities.html,159948cac7c4067171515060112a8964e96dd936,5.863337893
276,//www.cvedetails.com/cwe-details/276/Incorrect-Default-Permissions.html,741,https://www.cvedetails.com/vulnerability-list/cweid-276/vulnerabilities.html,dad7ade41fcffc6311e8b308ef66897b86b8ea4f,5.034341906
601,//www.cvedetails.com/cwe-details/601/URL-Redirection-to-Untrusted-Site-039-Open-Redirect-039-.html,658,https://www.cvedetails.com/vulnerability-list/cweid-601/vulnerabilities.html,a0200ee71d260e341033b95a124df0290b8c5dea,5.653484603
306,//www.cvedetails.com/cwe-details/306/Missing-Authentication-for-Critical-Function.html,627,https://www.cvedetails.com/vulnerability-list/cweid-306/vulnerabilities.html,210c6a84fbd9b7e7bb0a37803451eb5aab59c208,6.433797909
668,//www.cvedetails.com/cwe-details/668/Exposure-of-Resource-to-Wrong-Sphere.html,609,https://www.cvedetails.com/vulnerability-list/cweid-668/vulnerabilities.html,3935c8edf99f0327469a22d2cd20734e60c80ae0,4.656719368
770,//www.cvedetails.com/cwe-details/770/Allocation-of-Resources-Without-Limits-or-Throttling.html,468,https://www.cvedetails.com/vulnerability-list/cweid-770/vulnerabilities.html,999323777998667186eb2b28bd84a1ddea5097e6,5.225188917
532,//www.cvedetails.com/cwe-details/532/Information-Leak-Through-Log-Files.html,441,https://www.cvedetails.com/vulnerability-list/cweid-532/vulnerabilities.html,7aafd96afe25a46fb2e44e7eb3f74aa56c235dbb,3.629528536
401,//www.cvedetails.com/cwe-details/401/Failure-to-Release-Memory-Before-Removing-Last-Reference-.html,414,https://www.cvedetails.com/vulnerability-list/cweid-401/vulnerabilities.html,a2619849df2de982a813e6e4833c7718916e1bcb,4.958064516
772,//www.cvedetails.com/cwe-details/772/Missing-Release-of-Resource-after-Effective-Lifetime.html,399,https://www.cvedetails.com/vulnerability-list/cweid-772/vulnerabilities.html,9806dba53c54fdbef4e4ea3e7205b26ce934f4e3,4.791836735
427,//www.cvedetails.com/cwe-details/427/Uncontrolled-Search-Path-Element.html,398,https://www.cvedetails.com/vulnerability-list/cweid-427/vulnerabilities.html,78722f8eb3f591338ff0541a7f098d1228c8ed40,6
415,//www.cvedetails.com/cwe-details/415/Double-Free.html,376,https://www.cvedetails.com/vulnerability-list/cweid-415/vulnerabilities.html,efb3f0309a614b7442432125f7f5bf2c464463fd,6.347443182
319,//www.cvedetails.com/cwe-details/319/Cleartext-Transmission-of-Sensitive-Information.html,358,https://www.cvedetails.com/vulnerability-list/cweid-319/vulnerabilities.html,a0ffa6872f984765c2b73cd262ee19aff1fa45fd,4.853453453
312,//www.cvedetails.com/cwe-details/312/Cleartext-Storage-of-Sensitive-Information.html,333,https://www.cvedetails.com/vulnerability-list/cweid-312/vulnerabilities.html,952ad8e797566e8707b9f6bc01a298534b3e2f1a,3.837293729
617,//www.cvedetails.com/cwe-details/617/Reachable-Assertion.html,332,https://www.cvedetails.com/vulnerability-list/cweid-617/vulnerabilities.html,c2eddbd5c6afa33afa9110d68a1b459a6656369a,4.727272727
327,//www.cvedetails.com/cwe-details/327/Use-of-a-Broken-or-Risky-Cryptographic-Algorithm.html,308,https://www.cvedetails.com/vulnerability-list/cweid-327/vulnerabilities.html,59594b41db4c4e9126a5a74aea1a497136ab6f46,4.831958763
326,//www.cvedetails.com/cwe-details/326/Inadequate-Encryption-Strength.html,300,https://www.cvedetails.com/vulnerability-list/cweid-326/vulnerabilities.html,ad0f12443707ab86de50d718072dddbfb7142fbb,5.012589928
755,//www.cvedetails.com/cwe-details/755/Improper-Handling-of-Exceptional-Conditions.html,297,https://www.cvedetails.com/vulnerability-list/cweid-755/vulnerabilities.html,7e7d58ab644f48760b38cbca6174ae5b915c69bf,5.040510949
347,//www.cvedetails.com/cwe-details/347/Improper-Verification-of-Cryptographic-Signature.html,286,https://www.cvedetails.com/vulnerability-list/cweid-347/vulnerabilities.html,edadc0dcf0d1942d2e29b68c929b12b8d215095d,5.645945946
134,//www.cvedetails.com/cwe-details/134/Uncontrolled-Format-String.html,284,https://www.cvedetails.com/vulnerability-list/cweid-134/vulnerabilities.html,0558ddb099ab4fa62ce69fefd379311d99ee186f,6.91026616
203,//www.cvedetails.com/cwe-details/203/Information-Exposure-Through-Discrepancy.html,270,https://www.cvedetails.com/vulnerability-list/cweid-203/vulnerabilities.html,40768c7f476a7503c1aea7ee09bd84fadba5a1c5,3.897008547
369,//www.cvedetails.com/cwe-details/369/Divide-By-Zero.html,253,https://www.cvedetails.com/vulnerability-list/cweid-369/vulnerabilities.html,22cb08e72af7fb7b191ac180b387633f60e7c2cc,4.182987552
639,//www.cvedetails.com/cwe-details/639/Access-Control-Bypass-Through-User-Controlled-Key.html,246,https://www.cvedetails.com/vulnerability-list/cweid-639/vulnerabilities.html,923cd47bb467feb822130ca8e651524e2542292a,5.025120773
345,//www.cvedetails.com/cwe-details/345/Insufficient-Verification-of-Data-Authenticity.html,226,https://www.cvedetails.com/vulnerability-list/cweid-345/vulnerabilities.html,629b5292d5e45f854f613d9dfb803ff321e01198,5.654901961
665,//www.cvedetails.com/cwe-details/665/Improper-Initialization.html,213,https://www.cvedetails.com/vulnerability-list/cweid-665/vulnerabilities.html,187d16586a3a4ccc9d4c059d3ebdb8e07e058716,4.879
311,//www.cvedetails.com/cwe-details/311/Missing-Encryption-of-Sensitive-Data.html,205,https://www.cvedetails.com/vulnerability-list/cweid-311/vulnerabilities.html,177c73f6921bf9f373b0538227ea59f3f9029038,4.372727273
613,//www.cvedetails.com/cwe-details/613/Insufficient-Session-Expiration.html,205,https://www.cvedetails.com/vulnerability-list/cweid-613/vulnerabilities.html,03a9cd5cbc87775328f4dd6cddca3a3055247e84,5.649456522
754,//www.cvedetails.com/cwe-details/754/Improper-Check-for-Unusual-or-Exceptional-Conditions.html,204,https://www.cvedetails.com/vulnerability-list/cweid-754/vulnerabilities.html,7482e023c81c0e74863659227af8743fe9335e06,4.923888889
704,//www.cvedetails.com/cwe-details/704/Incorrect-Type-Conversion-or-Cast.html,193,https://www.cvedetails.com/vulnerability-list/cweid-704/vulnerabilities.html,e55cd39472c30139a0fa2ea93e9da65401e0676a,6.809677419
209,//www.cvedetails.com/cwe-details/209/Information-Exposure-Through-an-Error-Message.html,187,https://www.cvedetails.com/vulnerability-list/cweid-209/vulnerabilities.html,989cc3a0a8e4cc8379be6f9d899534d99df7d40f,4.453714286
129,//www.cvedetails.com/cwe-details/129/Improper-Validation-of-Array-Index.html,185,https://www.cvedetails.com/vulnerability-list/cweid-129/vulnerabilities.html,16dfeac1c29d34270d38d36446416d058a4abad8,6.625555556
307,//www.cvedetails.com/cwe-details/307/Improper-Restriction-of-Excessive-Authentication-Attempts.html,184,https://www.cvedetails.com/vulnerability-list/cweid-307/vulnerabilities.html,bacb17f2153b242dc4aaf0a087950c7a0be53a93,5.075471698
404,//www.cvedetails.com/cwe-details/404/Improper-Resource-Shutdown-or-Release.html,170,https://www.cvedetails.com/vulnerability-list/cweid-404/vulnerabilities.html,c3e25940106d6f87950ce58aeb663cf88a5e4ec8,5.317293233
330,//www.cvedetails.com/cwe-details/330/Use-of-Insufficiently-Random-Values.html,165,https://www.cvedetails.com/vulnerability-list/cweid-330/vulnerabilities.html,574f0af429934a8edacf4cc7c75087adedd56d58,5.132679739
346,//www.cvedetails.com/cwe-details/346/Origin-Validation-Error.html,155,https://www.cvedetails.com/vulnerability-list/cweid-346/vulnerabilities.html,a78e8449b71c24614266ea2378f8cb88ee28b998,5.387162162
552,//www.cvedetails.com/cwe-details/552/Files-or-Directories-Accessible-to-External-Parties.html,154,https://www.cvedetails.com/vulnerability-list/cweid-552/vulnerabilities.html,c5781a0f98e66875b1b8eaf679b7c89b7bd893bd,4.803968254
674,//www.cvedetails.com/cwe-details/674/Uncontrolled-Recursion.html,152,https://www.cvedetails.com/vulnerability-list/cweid-674/vulnerabilities.html,4e0bc4768621d4fc0a7f95a3bf5d9ea9060579d1,4.697794118
367,//www.cvedetails.com/cwe-details/367/Time-of-check-Time-of-use-TOCTOU-Race-Condition.html,145,https://www.cvedetails.com/vulnerability-list/cweid-367/vulnerabilities.html,787ac70e27255856445d153a827f30da33973411,5.628070175
444,//www.cvedetails.com/cwe-details/444/Inconsistent-Interpretation-of-HTTP-Requests-039-HTTP-Req.html,144,https://www.cvedetails.com/vulnerability-list/cweid-444/vulnerabilities.html,4aee308df37afb76f169d783f09e26ad9bf4bd00,5.664179104
191,//www.cvedetails.com/cwe-details/191/Integer-Underflow-Wrap-or-Wraparound-.html,135,https://www.cvedetails.com/vulnerability-list/cweid-191/vulnerabilities.html,c41d8c443392c5ab19a1b849c53508e2ed5dea62,6.503875969
281,//www.cvedetails.com/cwe-details/281/Improper-Preservation-of-Permissions.html,135,https://www.cvedetails.com/vulnerability-list/cweid-281/vulnerabilities.html,01b1954ffeb0769679352139b044f8be78f03533,5.144354839
428,//www.cvedetails.com/cwe-details/428/Unquoted-Search-Path-or-Element.html,130,https://www.cvedetails.com/vulnerability-list/cweid-428/vulnerabilities.html,30521d4692c80731b9f0ab9765726dfeeb7bac5b,5.947933884
290,//www.cvedetails.com/cwe-details/290/Authentication-Bypass-by-Spoofing.html,128,https://www.cvedetails.com/vulnerability-list/cweid-290/vulnerabilities.html,73ae899e2abf0b944ed8ae1a05bb9c4dc242a305,5.2625
88,//www.cvedetails.com/cwe-details/88/Argument-Injection-or-Modification.html,126,https://www.cvedetails.com/vulnerability-list/cweid-88/vulnerabilities.html,ce25b7e3aa125ba6957a274b8ff69a3c59aca7a7,6.823728814
521,//www.cvedetails.com/cwe-details/521/Weak-Password-Requirements.html,122,https://www.cvedetails.com/vulnerability-list/cweid-521/vulnerabilities.html,88c62a4fc4053b73b8e05ef0f7865f3e3f26e3f8,5.801941748
610,//www.cvedetails.com/cwe-details/610/Externally-Controlled-Reference-to-a-Resource-in-Another-Sph.html,116,https://www.cvedetails.com/vulnerability-list/cweid-610/vulnerabilities.html,92a8cb76f623ac10f3aafcc8a9c28256dfa20a2a,4.939175258
122,//www.cvedetails.com/cwe-details/122/Heap-based-Buffer-Overflow.html,113,https://www.cvedetails.com/vulnerability-list/cweid-122/vulnerabilities.html,c63d05b495b713731ee66716c7241293f8641ac1,6.608510638
640,//www.cvedetails.com/cwe-details/640/Weak-Password-Recovery-Mechanism-for-Forgotten-Password.html,113,https://www.cvedetails.com/vulnerability-list/cweid-640/vulnerabilities.html,dcbc3960f7beca981a028c56e52fa0e58b7cc998,5.433636364
121,//www.cvedetails.com/cwe-details/121/Stack-based-Buffer-Overflow.html,109,https://www.cvedetails.com/vulnerability-list/cweid-121/vulnerabilities.html,a1e3242237f21ef3ddacf123fa5172c3dcb1314b,7.634693878
116,//www.cvedetails.com/cwe-details/116/Improper-Encoding-or-Escaping-of-Output.html,100,https://www.cvedetails.com/vulnerability-list/cweid-116/vulnerabilities.html,ca5ff0f7ec8e8992a0e00a56ca1798a9e19b8b08,5.437931034
294,//www.cvedetails.com/cwe-details/294/Authentication-Bypass-by-Capture-replay.html,87,https://www.cvedetails.com/vulnerability-list/cweid-294/vulnerabilities.html,856a84789a0367aad11efa51c0839df2ebaf534c,5.72027027
425,//www.cvedetails.com/cwe-details/425/Direct-Request-039-Forced-Browsing-039-.html,75,https://www.cvedetails.com/vulnerability-list/cweid-425/vulnerabilities.html,27569be7286d4299c41593f0326f878dba64e7f7,5.498591549
285,//www.cvedetails.com/cwe-details/285/Improper-Access-Control-Authorization-.html,70,https://www.cvedetails.com/vulnerability-list/cweid-285/vulnerabilities.html,ab49aefad7f0937d3094b46f53e90abb990772d1,5.753846154
91,//www.cvedetails.com/cwe-details/91/XML-Injection-aka-Blind-XPath-Injection-.html,70,https://www.cvedetails.com/vulnerability-list/cweid-91/vulnerabilities.html,fda3b630ce205a4d913616728c8cb85650bc0b16,6.316923077
354,//www.cvedetails.com/cwe-details/354/Improper-Validation-of-Integrity-Check-Value.html,69,https://www.cvedetails.com/vulnerability-list/cweid-354/vulnerabilities.html,121b7a0b051fb07bd3606279eb2a35d733f667d3,5.078688525
682,//www.cvedetails.com/cwe-details/682/Incorrect-Calculation.html,67,https://www.cvedetails.com/vulnerability-list/cweid-682/vulnerabilities.html,00fc9f1a34b3bd7f417fb031afd0c74139e37286,5.878333333
494,//www.cvedetails.com/cwe-details/494/Download-of-Code-Without-Integrity-Check.html,63,https://www.cvedetails.com/vulnerability-list/cweid-494/vulnerabilities.html,34b08fb49e64d0f7453b2fc4a77495ba7de28e23,6.421052632
252,//www.cvedetails.com/cwe-details/252/Unchecked-Return-Value.html,60,https://www.cvedetails.com/vulnerability-list/cweid-252/vulnerabilities.html,a6170de164ab1a412f46de0381c219891c25821b,5.262745098
338,//www.cvedetails.com/cwe-details/338/Use-of-Cryptographically-Weak-PRNG.html,60,https://www.cvedetails.com/vulnerability-list/cweid-338/vulnerabilities.html,b22222539cd78feed3660ab7edc18d0465b9a78f,5.221818182
697,//www.cvedetails.com/cwe-details/697/Insufficient-Comparison.html,58,https://www.cvedetails.com/vulnerability-list/cweid-697/vulnerabilities.html,3c6e4a389b22d3b7255a9fd736519058a9396f28,5.560869565
693,//www.cvedetails.com/cwe-details/693/Protection-Mechanism-Failure.html,53,https://www.cvedetails.com/vulnerability-list/cweid-693/vulnerabilities.html,d7f5084e0b822feecb7100587dcfeb3f261d3d23,5.854761905
667,//www.cvedetails.com/cwe-details/667/Insufficient-Locking.html,52,https://www.cvedetails.com/vulnerability-list/cweid-667/vulnerabilities.html,2776edb3726dd6f5df979db114ee59a3501b3ab6,4.978431373
459,//www.cvedetails.com/cwe-details/459/Incomplete-Cleanup.html,51,https://www.cvedetails.com/vulnerability-list/cweid-459/vulnerabilities.html,6f2ae1d36a6dd98fdf19d7ac4dc591a66366ded1,4.686363636
193,//www.cvedetails.com/cwe-details/193/Off-by-one-Error.html,50,https://www.cvedetails.com/vulnerability-list/cweid-193/vulnerabilities.html,5e0c7227c57b985ba7515b0cd764356426cff2e1,5.562790698
763,//www.cvedetails.com/cwe-details/763/Release-of-Invalid-Pointer-or-Reference.html,48,https://www.cvedetails.com/vulnerability-list/cweid-763/vulnerabilities.html,b3891a7c81ed4a2b925166e0872fa9339c4a498c,5.923076923
131,//www.cvedetails.com/cwe-details/131/Incorrect-Calculation-of-Buffer-Size.html,47,https://www.cvedetails.com/vulnerability-list/cweid-131/vulnerabilities.html,3a741d0f0291260be7dc94252d02345ec62581e6,5.951351351
331,//www.cvedetails.com/cwe-details/331/Insufficient-Entropy.html,47,https://www.cvedetails.com/vulnerability-list/cweid-331/vulnerabilities.html,627951fd1d6bafb6a4c285a739751cd51844575b,4.969047619
681,//www.cvedetails.com/cwe-details/681/Incorrect-Conversion-between-Numeric-Types.html,45,https://www.cvedetails.com/vulnerability-list/cweid-681/vulnerabilities.html,5832953fd69f8e918af3f671bc7ae9984981fe7f,5.323809524
776,//www.cvedetails.com/cwe-details/776/Unrestricted-Recursive-Entity-References-in-DTDs-039-XML-.html,44,https://www.cvedetails.com/vulnerability-list/cweid-776/vulnerabilities.html,35d0550a7f55f97f50587c0ec5627a167793a78b,4.997435897
670,//www.cvedetails.com/cwe-details/670/Always-Incorrect-Control-Flow-Implementation.html,40,https://www.cvedetails.com/vulnerability-list/cweid-670/vulnerabilities.html,4588e7db87bb140afb8f3d6ca94b1b4b8423f910,5.208333333
93,//www.cvedetails.com/cwe-details/93/Failure-to-Sanitize-CRLF-Sequences-039-CRLF-Injection-03.html,38,https://www.cvedetails.com/vulnerability-list/cweid-93/vulnerabilities.html,6ea9b586b28567de64a0c91fc78e4c914c6dc3a2,4.837837838
788,//www.cvedetails.com/cwe-details/788/Access-of-Memory-Location-After-End-of-Buffer.html,35,https://www.cvedetails.com/vulnerability-list/cweid-788/vulnerabilities.html,82f5335c594387f042772f61040e76da96d86ca5,7.76
669,//www.cvedetails.com/cwe-details/669/Incorrect-Resource-Transfer-Between-Spheres.html,34,https://www.cvedetails.com/vulnerability-list/cweid-669/vulnerabilities.html,2a47590514a6636e76ff6de1526e120b8f1e3de6,5.748387097
706,//www.cvedetails.com/cwe-details/706/Use-of-Incorrectly-Resolved-Name-or-Reference.html,32,https://www.cvedetails.com/vulnerability-list/cweid-706/vulnerabilities.html,1155a26978fdb8a2d6f095ecfa5e7b4e40358c56,5.29
565,//www.cvedetails.com/cwe-details/565/Reliance-on-Cookies-without-Validation-and-Integrity-Checkin.html,29,https://www.cvedetails.com/vulnerability-list/cweid-565/vulnerabilities.html,6a04ed4c79b2ef911463d29d31026f681f964b31,6.103846154
212,//www.cvedetails.com/cwe-details/212/Improper-Cross-boundary-Removal-of-Sensitive-Data.html,28,https://www.cvedetails.com/vulnerability-list/cweid-212/vulnerabilities.html,2295c306045e47c01c4d5e0e5cd08b5be12dc39c,4.274074074
436,//www.cvedetails.com/cwe-details/436/Interpretation-Conflict.html,25,https://www.cvedetails.com/vulnerability-list/cweid-436/vulnerabilities.html,6d7ae4d9ead6d11f46b3306f51c2f0c5d50a0e93,5.72
662,//www.cvedetails.com/cwe-details/662/Insufficient-Synchronization.html,25,https://www.cvedetails.com/vulnerability-list/cweid-662/vulnerabilities.html,cfc3809830373e7613b04436276643dca817c346,5.489473684
113,//www.cvedetails.com/cwe-details/113/Failure-to-Sanitize-CRLF-Sequences-in-HTTP-Headers-039-HT.html,21,https://www.cvedetails.com/vulnerability-list/cweid-113/vulnerabilities.html,14f1773f6d6308efb34aa39ad26bf095f506e211,5.442857143
358,//www.cvedetails.com/cwe-details/358/Improperly-Implemented-Security-Check-for-Standard.html,21,https://www.cvedetails.com/vulnerability-list/cweid-358/vulnerabilities.html,98b8965e3f5fe05a082b257e35e96ad24d93b0f7,5.638095238
335,//www.cvedetails.com/cwe-details/335/PRNG-Seed-Error.html,20,https://www.cvedetails.com/vulnerability-list/cweid-335/vulnerabilities.html,6798f0df7348e32d72b8cc41ca55f6b2545edf70,5.647368421
256,//www.cvedetails.com/cwe-details/256/Plaintext-Storage-of-a-Password.html,18,https://www.cvedetails.com/vulnerability-list/cweid-256/vulnerabilities.html,c86193cbaa15faf128d46b53c4462adcca42c7cb,4.053333333
273,//www.cvedetails.com/cwe-details/273/Improper-Check-for-Dropped-Privileges.html,18,https://www.cvedetails.com/vulnerability-list/cweid-273/vulnerabilities.html,b9871f46860e869dd7496c69dd788776071cf8b9,6.652941176
672,//www.cvedetails.com/cwe-details/672/Operation-on-a-Resource-after-Expiration-or-Release.html,16,https://www.cvedetails.com/vulnerability-list/cweid-672/vulnerabilities.html,8910a0b560c5075f4c0b53c3b07acf2daf1853ed,5.98
123,//www.cvedetails.com/cwe-details/123/Write-what-where-Condition.html,14,https://www.cvedetails.com/vulnerability-list/cweid-123/vulnerabilities.html,2aebd67320e4d33152fc9239c16be48f184f2306,6.971428571
178,//www.cvedetails.com/cwe-details/178/Failure-to-Resolve-Case-Sensitivity.html,14,https://www.cvedetails.com/vulnerability-list/cweid-178/vulnerabilities.html,42ca8f419f77e8acbfc7715242cac973caeda140,4.942857143
118,//www.cvedetails.com/cwe-details/118/Improper-Access-of-Indexable-Resource-039-Range-Error-03.html,13,https://www.cvedetails.com/vulnerability-list/cweid-118/vulnerabilities.html,48a73e01e7cb5e522d067d3fb703ceabf0af885e,6.976923077
266,//www.cvedetails.com/cwe-details/266/Incorrect-Privilege-Assignment.html,13,https://www.cvedetails.com/vulnerability-list/cweid-266/vulnerabilities.html,2163f0a424e46c2aee082522eff890e411af4089,4.883333333
184,//www.cvedetails.com/cwe-details/184/Incomplete-Blacklist.html,12,https://www.cvedetails.com/vulnerability-list/cweid-184/vulnerabilities.html,b540907a45b8204b87757071e8a3ce6146567d6b,6.25
250,//www.cvedetails.com/cwe-details/250/Execution-with-Unnecessary-Privileges.html,12,https://www.cvedetails.com/vulnerability-list/cweid-250/vulnerabilities.html,2644acac305a6a139bd6ef951cec8d3655e1b847,6.9
377,//www.cvedetails.com/cwe-details/377/Insecure-Temporary-File.html,12,https://www.cvedetails.com/vulnerability-list/cweid-377/vulnerabilities.html,2c9bcf2d24ad361d57d83d3f9f57069cdb297682,4.072727273
126,//www.cvedetails.com/cwe-details/126/Buffer-Over-read.html,11,https://www.cvedetails.com/vulnerability-list/cweid-126/vulnerabilities.html,2265e4e472fd8d894a4538723c1730bfc7c559bf,6.111111111
185,//www.cvedetails.com/cwe-details/185/Incorrect-Regular-Expression.html,11,https://www.cvedetails.com/vulnerability-list/cweid-185/vulnerabilities.html,06c130a5aec50c718e55c0106a7346ed1585e1cb,5.381818182
288,//www.cvedetails.com/cwe-details/288/Authentication-Bypass-Using-an-Alternate-Path-or-Channel.html,11,https://www.cvedetails.com/vulnerability-list/cweid-288/vulnerabilities.html,70b4e639fcccd9f52bf86cf6bb8e6e0a46cfabd0,6.23
321,//www.cvedetails.com/cwe-details/321/Use-of-Hard-coded-Cryptographic-Key.html,11,https://www.cvedetails.com/vulnerability-list/cweid-321/vulnerabilities.html,9f8333b939f15e6662258d1da28fa8bf44593928,5.063636364
470,//www.cvedetails.com/cwe-details/470/Use-of-Externally-Controlled-Input-to-Select-Classes-or-Code.html,11,https://www.cvedetails.com/vulnerability-list/cweid-470/vulnerabilities.html,bc08d49ebb15756f9002a87672882a8ad0e23ec0,6.388888889
90,//www.cvedetails.com/cwe-details/90/Failure-to-Sanitize-Data-into-LDAP-Queries-039-LDAP-Injec.html,11,https://www.cvedetails.com/vulnerability-list/cweid-90/vulnerabilities.html,1bf8b620ed3de10e6e7b37bf57707586602055b4,5.818181818
332,//www.cvedetails.com/cwe-details/332/Insufficient-Entropy-in-PRNG.html,10,https://www.cvedetails.com/vulnerability-list/cweid-332/vulnerabilities.html,afedefb493b341b547f52bcb8b98f023bc7e403d,5.26
538,//www.cvedetails.com/cwe-details/538/File-and-Directory-Information-Exposure.html,10,https://www.cvedetails.com/vulnerability-list/cweid-538/vulnerabilities.html,7c79d3b707fdebd54c09409376f0d7a9183acb10,3.82
749,//www.cvedetails.com/cwe-details/749/Exposed-Dangerous-Method-or-Function.html,10,https://www.cvedetails.com/vulnerability-list/cweid-749/vulnerabilities.html,5934cc60c5a4ccd2984fad3cdab13617a9daacf5,6
172,//www.cvedetails.com/cwe-details/172/Encoding-Error.html,9,https://www.cvedetails.com/vulnerability-list/cweid-172/vulnerabilities.html,433f0e6f6c0967c4ce23bccab651ca6d1caf5385,5.911111111
23,//www.cvedetails.com/cwe-details/23/Relative-Path-Traversal.html,9,https://www.cvedetails.com/vulnerability-list/cweid-23/vulnerabilities.html,3e560f61c873fc46380a02b99729676cdeca5bdd,5.0625
297,//www.cvedetails.com/cwe-details/297/Improper-Validation-of-Host-specific-Certificate-Data.html,9,https://www.cvedetails.com/vulnerability-list/cweid-297/vulnerabilities.html,f06e5a8a315a97c444209838205aa879cf01fb07,4.642857143
73,//www.cvedetails.com/cwe-details/73/External-Control-of-File-Name-or-Path.html,8,https://www.cvedetails.com/vulnerability-list/cweid-73/vulnerabilities.html,3c1a658828b1cabbc82543614a55b09ef8a588a4,5.071428571
359,//www.cvedetails.com/cwe-details/359/Privacy-Violation.html,7,https://www.cvedetails.com/vulnerability-list/cweid-359/vulnerabilities.html,5aae30589e546b239307f411e839c3061189b3ef,5.14
472,//www.cvedetails.com/cwe-details/472/External-Control-of-Assumed-Immutable-Web-Parameter.html,7,https://www.cvedetails.com/vulnerability-list/cweid-472/vulnerabilities.html,005b245ca32e1fabf44798576693f97b5e7a7f46,10
80,//www.cvedetails.com/cwe-details/80/Improper-Sanitization-of-Script-Related-HTML-Tags-in-a-Web-P.html,7,https://www.cvedetails.com/vulnerability-list/cweid-80/vulnerabilities.html,dcd251072192a5228f12417330de95baacbe677e,3.766666667
170,//www.cvedetails.com/cwe-details/170/Improper-Null-Termination.html,6,https://www.cvedetails.com/vulnerability-list/cweid-170/vulnerabilities.html,98bf68e20921e41090db08fe2b4cacc1aa9945fb,6.833333333
201,//www.cvedetails.com/cwe-details/201/Information-Leak-Through-Sent-Data.html,6,https://www.cvedetails.com/vulnerability-list/cweid-201/vulnerabilities.html,5b29af230fc67aa22ac59b1651ae46add9e8ab93,3.833333333
248,//www.cvedetails.com/cwe-details/248/Uncaught-Exception.html,6,https://www.cvedetails.com/vulnerability-list/cweid-248/vulnerabilities.html,0d88037a701d890dd9d1dbebd1f42da3414a70fa,5.525
379,//www.cvedetails.com/cwe-details/379/Creation-of-Temporary-File-in-Directory-with-Incorrect-Permi.html,6,https://www.cvedetails.com/vulnerability-list/cweid-379/vulnerabilities.html,fccd71296c6ab257c0a5390674b15e827ae8708f,5.133333333
457,//www.cvedetails.com/cwe-details/457/Use-of-Uninitialized-Variable.html,6,https://www.cvedetails.com/vulnerability-list/cweid-457/vulnerabilities.html,5223291d36c76b37e949a8d72700444c60746438,6.433333333
489,//www.cvedetails.com/cwe-details/489/Leftover-Debug-Code.html,6,https://www.cvedetails.com/vulnerability-list/cweid-489/vulnerabilities.html,84862930273024cc571a0f7049cb9f134614816c,6.675
789,//www.cvedetails.com/cwe-details/789/Uncontrolled-Memory-Allocation.html,6,https://www.cvedetails.com/vulnerability-list/cweid-789/vulnerabilities.html,e0ac589dc9b76ccefe078959bfbfabae3b8e8df9,5.133333333
799,//www.cvedetails.com/cwe-details/799/Improper-Control-of-Interaction-Frequency.html,6,https://www.cvedetails.com/vulnerability-list/cweid-799/vulnerabilities.html,8d88b2a8c07c3e19a07e1c4063516f19b06561ec,4.8
99,//www.cvedetails.com/cwe-details/99/Improper-Control-of-Resource-Identifiers-039-Resource-Inj.html,6,https://www.cvedetails.com/vulnerability-list/cweid-99/vulnerabilities.html,c998c874906cde84d115a56b0b5a54561aefe70c,6.1
407,//www.cvedetails.com/cwe-details/407/Algorithmic-Complexity.html,5,https://www.cvedetails.com/vulnerability-list/cweid-407/vulnerabilities.html,3d17ab9e77b253ef093c3e61a64ba2c0f5f8c60d,5.36
441,//www.cvedetails.com/cwe-details/441/Unintended-Proxy-Intermediary.html,5,https://www.cvedetails.com/vulnerability-list/cweid-441/vulnerabilities.html,0c5550cc551da86731fa2fcc027207dabdae8815,5.04
471,//www.cvedetails.com/cwe-details/471/Modification-of-Assumed-Immutable-Data-MAID-.html,5,https://www.cvedetails.com/vulnerability-list/cweid-471/vulnerabilities.html,f2aa257845bbe3a3d4f60faee9db0640d45579eb,4.12
259,//www.cvedetails.com/cwe-details/259/Use-of-Hard-coded-Password.html,4,https://www.cvedetails.com/vulnerability-list/cweid-259/vulnerabilities.html,66ffb1ce9755d3962edf8c79dba6dd72cda48e28,8.025
305,//www.cvedetails.com/cwe-details/305/Authentication-Bypass-by-Primary-Weakness.html,4,https://www.cvedetails.com/vulnerability-list/cweid-305/vulnerabilities.html,13bf5f4c2d8ac1a4da23e81173486dfbe0c7084b,6.933333333
406,//www.cvedetails.com/cwe-details/406/Insufficient-Control-of-Network-Message-Volume-Network-Ampl.html,4,https://www.cvedetails.com/vulnerability-list/cweid-406/vulnerabilities.html,4319dbee11912c209a16e1bca504fd3bbf2d50ce,5.975
548,//www.cvedetails.com/cwe-details/548/Information-Leak-Through-Directory-Listing.html,4,https://www.cvedetails.com/vulnerability-list/cweid-548/vulnerabilities.html,5381f27c63d27db8f113100ff8d59cc5e482e6e0,4.5
117,//www.cvedetails.com/cwe-details/117/Improper-Output-Sanitization-for-Logs.html,3,https://www.cvedetails.com/vulnerability-list/cweid-117/vulnerabilities.html,d47d62223d1bfd46fe6c5b66496050f7c8aa1a1c,3.55
130,//www.cvedetails.com/cwe-details/130/Improper-Handling-of-Length-Parameter-Inconsistency-.html,3,https://www.cvedetails.com/vulnerability-list/cweid-130/vulnerabilities.html,d538ac132fa05ad67d6389e0a9862b18a67f8efe,5.4
353,//www.cvedetails.com/cwe-details/353/Failure-to-Add-Integrity-Check-Value.html,3,https://www.cvedetails.com/vulnerability-list/cweid-353/vulnerabilities.html,f8156129ffa7e5ecec7affd07aedf6e9d7c17494,5.033333333
378,//www.cvedetails.com/cwe-details/378/Creation-of-Temporary-File-With-Insecure-Permissions.html,3,https://www.cvedetails.com/vulnerability-list/cweid-378/vulnerabilities.html,380795d3a3873a19ea09accd3a0921e182e99d28,3.566666667
405,//www.cvedetails.com/cwe-details/405/Asymmetric-Resource-Consumption-Amplification-.html,3,https://www.cvedetails.com/vulnerability-list/cweid-405/vulnerabilities.html,9cbcaa680bb2d40c60d219e1b6f34bf141e41a02,4.766666667
440,//www.cvedetails.com/cwe-details/440/Expected-Behavior-Violation.html,3,https://www.cvedetails.com/vulnerability-list/cweid-440/vulnerabilities.html,c0246739858da87b853b40d42239a42460bafdbc,6.4
497,//www.cvedetails.com/cwe-details/497/Exposure-of-System-Data-to-an-Unauthorized-Control-Sphere.html,3,https://www.cvedetails.com/vulnerability-list/cweid-497/vulnerabilities.html,cf05ee8bcfaafa44b860a3230815853175417642,4
707,//www.cvedetails.com/cwe-details/707/Improper-Enforcement-of-Message-or-Data-Structure.html,3,https://www.cvedetails.com/vulnerability-list/cweid-707/vulnerabilities.html,dc297b6756f1403719dbdf8cdccf24b400ba7869,5.466666667
805,//www.cvedetails.com/cwe-details/805/Buffer-Access-with-Incorrect-Length-Value.html,3,https://www.cvedetails.com/vulnerability-list/cweid-805/vulnerabilities.html,867402a38fe1f0d0351047e80a0ea35a8a4ccede,4.633333333
95,//www.cvedetails.com/cwe-details/95/Improper-Sanitization-of-Directives-in-Dynamically-Evaluated.html,3,https://www.cvedetails.com/vulnerability-list/cweid-95/vulnerabilities.html,c8b5db12a50fc5b44cef767dd9757d928c78b029,7.5
112,//www.cvedetails.com/cwe-details/112/Missing-XML-Validation.html,2,https://www.cvedetails.com/vulnerability-list/cweid-112/vulnerabilities.html,430855cd3275b6baec9fdbd7c30d90b8f32c4031,3.8
115,//www.cvedetails.com/cwe-details/115/Misinterpretation-of-Input.html,2,https://www.cvedetails.com/vulnerability-list/cweid-115/vulnerabilities.html,3d96f220d4426e01f34aad5aeb390a25793d80d8,10
124,//www.cvedetails.com/cwe-details/124/Buffer-Underwrite-039-Buffer-Underflow-039-.html,2,https://www.cvedetails.com/vulnerability-list/cweid-124/vulnerabilities.html,8b53a8bc384910781a2034d1ff72c1d2f9a0b147,9.3
194,//www.cvedetails.com/cwe-details/194/Unexpected-Sign-Extension.html,2,https://www.cvedetails.com/vulnerability-list/cweid-194/vulnerabilities.html,d7cd7717335cd87310ac01f968dbed2184bf29e5,6.65
202,//www.cvedetails.com/cwe-details/202/Privacy-Leak-through-Data-Queries.html,2,https://www.cvedetails.com/vulnerability-list/cweid-202/vulnerabilities.html,15a7df7321e2205802624f377f0935156f92bea8,4.3
204,//www.cvedetails.com/cwe-details/204/Response-Discrepancy-Information-Leak.html,2,https://www.cvedetails.com/vulnerability-list/cweid-204/vulnerabilities.html,5cdb5f7b6ba6528ce8d8d9047f85d0175fcee003,5
208,//www.cvedetails.com/cwe-details/208/Timing-Discrepancy-Information-Leak.html,2,https://www.cvedetails.com/vulnerability-list/cweid-208/vulnerabilities.html,4283d1fa72083282419c8374f6f04bc5565bf6f8,2.1
228,//www.cvedetails.com/cwe-details/228/Improper-Handling-of-Syntactically-Invalid-Structure.html,2,https://www.cvedetails.com/vulnerability-list/cweid-228/vulnerabilities.html,a1120523e73dffcb15064536951dc409f9896361,7.5
240,//www.cvedetails.com/cwe-details/240/Improper-Handling-of-Inconsistent-Structural-Elements.html,2,https://www.cvedetails.com/vulnerability-list/cweid-240/vulnerabilities.html,5081cf8ff9cac426024eb6dd7f51f3ffd76b56ab,5.2
241,//www.cvedetails.com/cwe-details/241/Improper-Handling-of-Unexpected-Data-Type.html,2,https://www.cvedetails.com/vulnerability-list/cweid-241/vulnerabilities.html,53e61ef222a01fa199ac16e286a5578ca0635cbb,5.55
300,//www.cvedetails.com/cwe-details/300/Channel-Accessible-by-Non-Endpoint-039-Man-in-the-Middle-.html,2,https://www.cvedetails.com/vulnerability-list/cweid-300/vulnerabilities.html,c2d1a3766fb6e623d2e6333218de3a7d3c374f47,5.35
304,//www.cvedetails.com/cwe-details/304/Missing-Critical-Step-in-Authentication.html,2,https://www.cvedetails.com/vulnerability-list/cweid-304/vulnerabilities.html,bb501329ff2c9da7dbcf28605dfd66486c09de3f,4
318,//www.cvedetails.com/cwe-details/318/Plaintext-Storage-in-Executable.html,2,https://www.cvedetails.com/vulnerability-list/cweid-318/vulnerabilities.html,631a7a54d46fcdafe1e34faf7b12a7352704caf6,4
342,//www.cvedetails.com/cwe-details/342/Predictable-Exact-Value-from-Previous-Values.html,2,https://www.cvedetails.com/vulnerability-list/cweid-342/vulnerabilities.html,61a8d2e89484795427afba604c54fb2d95c46e9d,6.25
350,//www.cvedetails.com/cwe-details/350/Improperly-Trusted-Reverse-DNS.html,2,https://www.cvedetails.com/vulnerability-list/cweid-350/vulnerabilities.html,d15e33d635ae97f1c13198092ca1e9cc93ce291e,5.15
385,//www.cvedetails.com/cwe-details/385/Covert-Timing-Channel.html,2,https://www.cvedetails.com/vulnerability-list/cweid-385/vulnerabilities.html,ab1be13c2226234c315ac36a64f5eee9d9ae9172,4.15
534,//www.cvedetails.com/cwe-details/534/Information-Leak-Through-Debug-Log-Files.html,2,https://www.cvedetails.com/vulnerability-list/cweid-534/vulnerabilities.html,d4d89da663eb85568b9993cf7378db3f60327d3c,5.9
549,//www.cvedetails.com/cwe-details/549/Missing-Password-Field-Masking.html,2,https://www.cvedetails.com/vulnerability-list/cweid-549/vulnerabilities.html,e400e348d612b7877c9b29c67551031eff5a9e6e,0
551,//www.cvedetails.com/cwe-details/551/Incorrect-Behavior-Order-Authorization-Before-Parsing-and-C.html,2,https://www.cvedetails.com/vulnerability-list/cweid-551/vulnerabilities.html,x,0
603,//www.cvedetails.com/cwe-details/603/Use-of-Client-Side-Authentication.html,2,https://www.cvedetails.com/vulnerability-list/cweid-603/vulnerabilities.html,931681ef88519f39695cac05a0ba84cc2e42b5a6,7.65
614,//www.cvedetails.com/cwe-details/614/Sensitive-Cookie-in-HTTPS-Session-Without-039-Secure-039-.html,2,https://www.cvedetails.com/vulnerability-list/cweid-614/vulnerabilities.html,x,0
620,//www.cvedetails.com/cwe-details/620/Unverified-Password-Change.html,2,https://www.cvedetails.com/vulnerability-list/cweid-620/vulnerabilities.html,071398a63cd57b525ee461f0638230e3e12b4c44,4
642,//www.cvedetails.com/cwe-details/642/External-Control-of-Critical-State-Data.html,2,https://www.cvedetails.com/vulnerability-list/cweid-642/vulnerabilities.html,da40846296ca05a6b17e25012ea963849ddde675,5.9
657,//www.cvedetails.com/cwe-details/657/Violation-of-Secure-Design-Principles.html,2,https://www.cvedetails.com/vulnerability-list/cweid-657/vulnerabilities.html,39356349d541081170e55f824370e20bdfd0fe33,4.3
664,//www.cvedetails.com/cwe-details/664/Improper-Control-of-a-Resource-Through-its-Lifetime.html,2,https://www.cvedetails.com/vulnerability-list/cweid-664/vulnerabilities.html,0c01fd556df16a2fb792e3f3915f223c7ccd8347,8.05
708,//www.cvedetails.com/cwe-details/708/Incorrect-Ownership-Assignment.html,2,https://www.cvedetails.com/vulnerability-list/cweid-708/vulnerabilities.html,45b096b71e0c396060cdea9db75f0b4f54c2f1f5,4.8
757,//www.cvedetails.com/cwe-details/757/Selection-of-Less-Secure-Algorithm-During-Negotiation-039.html,2,https://www.cvedetails.com/vulnerability-list/cweid-757/vulnerabilities.html,ce8523b9b7dc5d08862741dc78efdc1aa9344f84,3.8
778,//www.cvedetails.com/cwe-details/778/Insufficient-Logging.html,2,https://www.cvedetails.com/vulnerability-list/cweid-778/vulnerabilities.html,ef3315f87bf180b62c72c63546287d4758a38ed7,3.05
807,//www.cvedetails.com/cwe-details/807/Reliance-on-Untrusted-Inputs-in-a-Security-Decision.html,2,https://www.cvedetails.com/vulnerability-list/cweid-807/vulnerabilities.html,513f7e13bd72f468f3d3832ba99d520382534a31,6.65
114,//www.cvedetails.com/cwe-details/114/Process-Control.html,1,https://www.cvedetails.com/vulnerability-list/cweid-114/vulnerabilities.html,3628c4006ae29a36c13521b26b93f9dfe30c4718,4.4
138,//www.cvedetails.com/cwe-details/138/Improper-Neutralization-of-Special-Elements.html,1,https://www.cvedetails.com/vulnerability-list/cweid-138/vulnerabilities.html,x,0
141,//www.cvedetails.com/cwe-details/141/Improper-Neutralization-of-Parameter-Argument-Delimiters.html,1,https://www.cvedetails.com/vulnerability-list/cweid-141/vulnerabilities.html,16ba1b3a29675d5ab084bbb4e90d3f298656df18,0
146,//www.cvedetails.com/cwe-details/146/Improper-Neutralization-of-Expression-Command-Delimiters.html,1,https://www.cvedetails.com/vulnerability-list/cweid-146/vulnerabilities.html,db0a1b464aef99db3fe1850d1f971899341d93fe,0
15,//www.cvedetails.com/cwe-details/15/External-Control-of-System-or-Configuration-Setting.html,1,https://www.cvedetails.com/vulnerability-list/cweid-15/vulnerabilities.html,31e8c2729771f3115060a2dde8aa7beaaea38f27,6.4
183,//www.cvedetails.com/cwe-details/183/Permissive-Whitelist.html,1,https://www.cvedetails.com/vulnerability-list/cweid-183/vulnerabilities.html,7a9ce21a0e421008c739dfeefcc7ff6065d55f6d,7.6
187,//www.cvedetails.com/cwe-details/187/Partial-Comparison.html,1,https://www.cvedetails.com/vulnerability-list/cweid-187/vulnerabilities.html,3e204d010a9f027f1f071f2c2b85f1c46b5adc4a,7.5
195,//www.cvedetails.com/cwe-details/195/Signed-to-Unsigned-Conversion-Error.html,1,https://www.cvedetails.com/vulnerability-list/cweid-195/vulnerabilities.html,9546d2a17d1163adbb455d454bc4c71e4f7804e1,6.8
196,//www.cvedetails.com/cwe-details/196/Unsigned-to-Signed-Conversion-Error.html,1,https://www.cvedetails.com/vulnerability-list/cweid-196/vulnerabilities.html,x,0
213,//www.cvedetails.com/cwe-details/213/Intended-Information-Leak.html,1,https://www.cvedetails.com/vulnerability-list/cweid-213/vulnerabilities.html,x,0
216,//www.cvedetails.com/cwe-details/216/Containment-Errors-Container-Errors-.html,1,https://www.cvedetails.com/vulnerability-list/cweid-216/vulnerabilities.html,5620cd92a027bf04b9522a01c4526b9091dfc797,4.6
233,//www.cvedetails.com/cwe-details/233/Parameter-Problems.html,1,https://www.cvedetails.com/vulnerability-list/cweid-233/vulnerabilities.html,x,0
24,//www.cvedetails.com/cwe-details/24/Path-Traversal-039-..-filedir-039-.html,1,https://www.cvedetails.com/vulnerability-list/cweid-24/vulnerabilities.html,a306ddd9b0b3329c3bffcd5db12e43ac52848f94,7.2
242,//www.cvedetails.com/cwe-details/242/Use-of-Inherently-Dangerous-Function.html,1,https://www.cvedetails.com/vulnerability-list/cweid-242/vulnerabilities.html,e0c91985e7d57562570f7a3e25a4debab5c56529,7.5
257,//www.cvedetails.com/cwe-details/257/Storing-Passwords-in-a-Recoverable-Format.html,1,https://www.cvedetails.com/vulnerability-list/cweid-257/vulnerabilities.html,08bbdc33c9fa2b100b1bb8184db85bb6ef4d50d1,5
26,//www.cvedetails.com/cwe-details/26/Path-Traversal-039-dir-..-filename-039-.html,1,https://www.cvedetails.com/vulnerability-list/cweid-26/vulnerabilities.html,x,0
261,//www.cvedetails.com/cwe-details/261/Weak-Cryptography-for-Passwords.html,1,https://www.cvedetails.com/vulnerability-list/cweid-261/vulnerabilities.html,x,0
267,//www.cvedetails.com/cwe-details/267/Privilege-Defined-With-Unsafe-Actions.html,1,https://www.cvedetails.com/vulnerability-list/cweid-267/vulnerabilities.html,05e5109be2351b35bde3cacdc74664e909d84959,6.5
268,//www.cvedetails.com/cwe-details/268/Privilege-Chaining.html,1,https://www.cvedetails.com/vulnerability-list/cweid-268/vulnerabilities.html,acc71446aecd2c4b8a48c121ec3d4db7a72689d6,4.6
270,//www.cvedetails.com/cwe-details/270/Privilege-Context-Switching-Error.html,1,https://www.cvedetails.com/vulnerability-list/cweid-270/vulnerabilities.html,5ac6cbe8ec0c7bd12f02dab8b02482b0192757f1,5.5
271,//www.cvedetails.com/cwe-details/271/Privilege-Dropping-Lowering-Errors.html,1,https://www.cvedetails.com/vulnerability-list/cweid-271/vulnerabilities.html,537fdacd67e872f0bc05230ced7c4c14230e3dda,4
277,//www.cvedetails.com/cwe-details/277/Insecure-Inherited-Permissions.html,1,https://www.cvedetails.com/vulnerability-list/cweid-277/vulnerabilities.html,0be74bca5b3385e40a6ebc067bb4eb678fd76f10,5
279,//www.cvedetails.com/cwe-details/279/Incorrect-Execution-Assigned-Permissions.html,1,https://www.cvedetails.com/vulnerability-list/cweid-279/vulnerabilities.html,a6a373622834bcf464f4d1fa5336bdd1a6c903a1,4.6
280,//www.cvedetails.com/cwe-details/280/Improper-Handling-of-Insufficient-Permissions-or-Privileges-.html,1,https://www.cvedetails.com/vulnerability-list/cweid-280/vulnerabilities.html,ea511f6734549b95dbf583976e75b0b775427f2c,9
283,//www.cvedetails.com/cwe-details/283/Unverified-Ownership.html,1,https://www.cvedetails.com/vulnerability-list/cweid-283/vulnerabilities.html,cb9c2e296f1534ccf82797f4ef6b24c8e82ade57,5.5
286,//www.cvedetails.com/cwe-details/286/Incorrect-User-Management.html,1,https://www.cvedetails.com/vulnerability-list/cweid-286/vulnerabilities.html,x,0
29,//www.cvedetails.com/cwe-details/29/Path-Traversal-039-..-filename-039-.html,1,https://www.cvedetails.com/vulnerability-list/cweid-29/vulnerabilities.html,0eb9129ebee021a50163fc131829e1b83caa9e42,0
296,//www.cvedetails.com/cwe-details/296/Improper-Following-of-Chain-of-Trust-for-Certificate-Validat.html,1,https://www.cvedetails.com/vulnerability-list/cweid-296/vulnerabilities.html,x,0
299,//www.cvedetails.com/cwe-details/299/Improper-Check-for-Certificate-Revocation.html,1,https://www.cvedetails.com/vulnerability-list/cweid-299/vulnerabilities.html,6b25c28c38ccdc79a1eff938002d3a12910d2b12,5.2
302,//www.cvedetails.com/cwe-details/302/Authentication-Bypass-by-Assumed-Immutable-Data.html,1,https://www.cvedetails.com/vulnerability-list/cweid-302/vulnerabilities.html,7491040ee17c5499b307d34bac8e55c055d617db,4
303,//www.cvedetails.com/cwe-details/303/Incorrect-Implementation-of-Authentication-Algorithm.html,1,https://www.cvedetails.com/vulnerability-list/cweid-303/vulnerabilities.html,416b82a601e30e3194bc3efed69604f5835e2c69,5.8
313,//www.cvedetails.com/cwe-details/313/Plaintext-Storage-in-a-File-or-on-Disk.html,1,https://www.cvedetails.com/vulnerability-list/cweid-313/vulnerabilities.html,f6568c4882026bcf35d647f9e579e6ae94e99bd5,3.5
315,//www.cvedetails.com/cwe-details/315/Plaintext-Storage-in-a-Cookie.html,1,https://www.cvedetails.com/vulnerability-list/cweid-315/vulnerabilities.html,4ad7b12b52a4ee5532ae5807222a52a657282dcd,2.1
316,//www.cvedetails.com/cwe-details/316/Plaintext-Storage-in-Memory.html,1,https://www.cvedetails.com/vulnerability-list/cweid-316/vulnerabilities.html,x,0
317,//www.cvedetails.com/cwe-details/317/Plaintext-Storage-in-GUI.html,1,https://www.cvedetails.com/vulnerability-list/cweid-317/vulnerabilities.html,0f756a1a4c3c163c093b40501ac1ba3c7c2e9a4f,4
322,//www.cvedetails.com/cwe-details/322/Key-Exchange-without-Entity-Authentication.html,1,https://www.cvedetails.com/vulnerability-list/cweid-322/vulnerabilities.html,70ca7ab0655622066906b05150587c198b351c4e,0
323,//www.cvedetails.com/cwe-details/323/Reusing-a-Nonce-Key-Pair-in-Encryption.html,1,https://www.cvedetails.com/vulnerability-list/cweid-323/vulnerabilities.html,8a1938b3b7e59b4c7a1ebe46e4697096b03505fa,5.8
325,//www.cvedetails.com/cwe-details/325/Missing-Required-Cryptographic-Step.html,1,https://www.cvedetails.com/vulnerability-list/cweid-325/vulnerabilities.html,9a11c1b108b7aed727a854d69f7e970ecbb56d43,4.3
328,//www.cvedetails.com/cwe-details/328/Reversible-One-Way-Hash.html,1,https://www.cvedetails.com/vulnerability-list/cweid-328/vulnerabilities.html,x,0
334,//www.cvedetails.com/cwe-details/334/Small-Space-of-Random-Values.html,1,https://www.cvedetails.com/vulnerability-list/cweid-334/vulnerabilities.html,3dda1ce769d675166c2532df622913906732e84d,4.3
349,//www.cvedetails.com/cwe-details/349/Acceptance-of-Extraneous-Untrusted-Data-With-Trusted-Data.html,1,https://www.cvedetails.com/vulnerability-list/cweid-349/vulnerabilities.html,ccc5c4b25628f17678b4c15ffaab2f2f3c345f75,7.2
35,//www.cvedetails.com/cwe-details/35/Path-Traversal-039-...-...-039-.html,1,https://www.cvedetails.com/vulnerability-list/cweid-35/vulnerabilities.html,x,0
36,//www.cvedetails.com/cwe-details/36/Absolute-Path-Traversal.html,1,https://www.cvedetails.com/vulnerability-list/cweid-36/vulnerabilities.html,31fb557a635052f1ec75997a952fee1ac4ace538,4
363,//www.cvedetails.com/cwe-details/363/Race-Condition-Enabling-Link-Following.html,1,https://www.cvedetails.com/vulnerability-list/cweid-363/vulnerabilities.html,6e733deb91c6d7ccc4341a0d7ffe70b8d9ddd135,3.3
364,//www.cvedetails.com/cwe-details/364/Signal-Handler-Race-Condition.html,1,https://www.cvedetails.com/vulnerability-list/cweid-364/vulnerabilities.html,cae826630f8fc7cbfe1a56c50f1fab50282e42f1,4.9
390,//www.cvedetails.com/cwe-details/390/Detection-of-Error-Condition-Without-Action.html,1,https://www.cvedetails.com/vulnerability-list/cweid-390/vulnerabilities.html,x,0
391,//www.cvedetails.com/cwe-details/391/Unchecked-Error-Condition.html,1,https://www.cvedetails.com/vulnerability-list/cweid-391/vulnerabilities.html,ae6e82ec7c44c8dd3f369fcac5fb7131aae9811c,2.9
398,//www.cvedetails.com/cwe-details/398/Indicator-of-Poor-Code-Quality.html,1,https://www.cvedetails.com/vulnerability-list/cweid-398/vulnerabilities.html,x,0
410,//www.cvedetails.com/cwe-details/410/Insufficient-Resource-Pool.html,1,https://www.cvedetails.com/vulnerability-list/cweid-410/vulnerabilities.html,x,0
42,//www.cvedetails.com/cwe-details/42/Path-Equivalence-039-filename.-039-Trailing-Dot-.html,1,https://www.cvedetails.com/vulnerability-list/cweid-42/vulnerabilities.html,x,0
424,//www.cvedetails.com/cwe-details/424/Failure-to-Protect-Alternate-Path.html,1,https://www.cvedetails.com/vulnerability-list/cweid-424/vulnerabilities.html,02ca5e96a03041f08270bf42416e29c04f345dfb,7.2
435,//www.cvedetails.com/cwe-details/435/Interaction-Error.html,1,https://www.cvedetails.com/vulnerability-list/cweid-435/vulnerabilities.html,b649253cb2e7386affb3986e1b86080c7098c08b,5
451,//www.cvedetails.com/cwe-details/451/UI-Misrepresentation-of-Critical-Information.html,1,https://www.cvedetails.com/vulnerability-list/cweid-451/vulnerabilities.html,94dd9d474590c51d86034721dab06568a5c76015,4.3
453,//www.cvedetails.com/cwe-details/453/Insecure-Default-Variable-Initialization.html,1,https://www.cvedetails.com/vulnerability-list/cweid-453/vulnerabilities.html,x,0
460,//www.cvedetails.com/cwe-details/460/Improper-Cleanup-on-Thrown-Exception.html,1,https://www.cvedetails.com/vulnerability-list/cweid-460/vulnerabilities.html,301ce7070b8b1e0846b6fb30de5576284b0ecb9e,0
475,//www.cvedetails.com/cwe-details/475/Undefined-Behavior-for-Input-to-API.html,1,https://www.cvedetails.com/vulnerability-list/cweid-475/vulnerabilities.html,7b0b5b3f0bf70a861d633e66a22598bae5cbcb85,0
485,//www.cvedetails.com/cwe-details/485/Insufficient-Encapsulation.html,1,https://www.cvedetails.com/vulnerability-list/cweid-485/vulnerabilities.html,x,0
506,//www.cvedetails.com/cwe-details/506/Embedded-Malicious-Code.html,1,https://www.cvedetails.com/vulnerability-list/cweid-506/vulnerabilities.html,27cd7dbde7553087087274ae72e346f197da4552,6.4
507,//www.cvedetails.com/cwe-details/507/Trojan-Horse.html,1,https://www.cvedetails.com/vulnerability-list/cweid-507/vulnerabilities.html,401df4c33e79b1b1d77e30d5cc81dee7c2d6fa7f,7.5
523,//www.cvedetails.com/cwe-details/523/Unprotected-Transport-of-Credentials.html,1,https://www.cvedetails.com/vulnerability-list/cweid-523/vulnerabilities.html,25c337198bf0099d025c1a06fe7da059541ad2c6,4.3
524,//www.cvedetails.com/cwe-details/524/Information-Leak-Through-Caching.html,1,https://www.cvedetails.com/vulnerability-list/cweid-524/vulnerabilities.html,09c50fb45eb27ac646c5df39ff04b5bf1b90af30,0
525,//www.cvedetails.com/cwe-details/525/Information-Leak-Through-Browser-Caching.html,1,https://www.cvedetails.com/vulnerability-list/cweid-525/vulnerabilities.html,5bddc3ae94cd82002707a4f0f597f86292897e1f,1.9
527,//www.cvedetails.com/cwe-details/527/Exposure-of-CVS-Repository-to-an-Unauthorized-Control-Sphere.html,1,https://www.cvedetails.com/vulnerability-list/cweid-527/vulnerabilities.html,9b4e12e66e076bfb83f75a910ed68a15f3da3097,5.5
539,//www.cvedetails.com/cwe-details/539/Information-Leak-Through-Persistent-Cookies.html,1,https://www.cvedetails.com/vulnerability-list/cweid-539/vulnerabilities.html,61a1134a547637c828a2b4e1c5bb53c0560c6940,5
540,//www.cvedetails.com/cwe-details/540/Information-Leak-Through-Source-Code.html,1,https://www.cvedetails.com/vulnerability-list/cweid-540/vulnerabilities.html,c8f4f3aaebfb97467a25c6bcdc26e0c0050a2308,4
567,//www.cvedetails.com/cwe-details/567/Unsynchronized-Access-to-Shared-Data.html,1,https://www.cvedetails.com/vulnerability-list/cweid-567/vulnerabilities.html,f488393dcab7da4ef832cc0a618851811cc65757,4
571,//www.cvedetails.com/cwe-details/571/Expression-is-Always-True.html,1,https://www.cvedetails.com/vulnerability-list/cweid-571/vulnerabilities.html,3dde856737cef613f9d32eceebdafb8affb71ef9,2.1
573,//www.cvedetails.com/cwe-details/573/Failure-to-Follow-Specification.html,1,https://www.cvedetails.com/vulnerability-list/cweid-573/vulnerabilities.html,ad2c7138fc4efd1fbffa4a70fff387f94085e754,4
597,//www.cvedetails.com/cwe-details/597/Use-of-Wrong-Operator-in-String-Comparison.html,1,https://www.cvedetails.com/vulnerability-list/cweid-597/vulnerabilities.html,x,0
598,//www.cvedetails.com/cwe-details/598/Information-Leak-Through-Query-Strings-in-GET-Request.html,1,https://www.cvedetails.com/vulnerability-list/cweid-598/vulnerabilities.html,eddbb27b87ab59fe8cab44a4e722140124290441,5
602,//www.cvedetails.com/cwe-details/602/Client-Side-Enforcement-of-Server-Side-Security.html,1,https://www.cvedetails.com/vulnerability-list/cweid-602/vulnerabilities.html,6f75a53880b3d3d24aad662556cb67ee3418d25d,0
612,//www.cvedetails.com/cwe-details/612/Information-Leak-Through-Indexing-of-Private-Data.html,1,https://www.cvedetails.com/vulnerability-list/cweid-612/vulnerabilities.html,x,0
64,//www.cvedetails.com/cwe-details/64/Windows-Shortcut-Following-.LNK-.html,1,https://www.cvedetails.com/vulnerability-list/cweid-64/vulnerabilities.html,7fcfa326555fb8601bd5ad1e4c3156995bd4f49e,3.6
643,//www.cvedetails.com/cwe-details/643/Improper-Neutralization-of-Data-within-XPath-Expressions-.html,1,https://www.cvedetails.com/vulnerability-list/cweid-643/vulnerabilities.html,f79941c9dc2193b1eb4afce2c1b0c3c10eb179e4,7.8
644,//www.cvedetails.com/cwe-details/644/Improper-Neutralization-of-HTTP-Headers-for-Scripting-Syntax.html,1,https://www.cvedetails.com/vulnerability-list/cweid-644/vulnerabilities.html,907ff122e4ec0f1461ca64966b1bf38170383c54,4.3
648,//www.cvedetails.com/cwe-details/648/Incorrect-Use-of-Privileged-APIs.html,1,https://www.cvedetails.com/vulnerability-list/cweid-648/vulnerabilities.html,7c8a8d6d3c8e27ba7379584a226a9d47aa6ece60,5.5
649,//www.cvedetails.com/cwe-details/649/Reliance-on-Obfuscation-or-Encryption-of-Security-Relevant-I.html,1,https://www.cvedetails.com/vulnerability-list/cweid-649/vulnerabilities.html,3b6693db3331b0ed47111474c76929b7d43ff2dc,4.3
653,//www.cvedetails.com/cwe-details/653/Insufficient-Compartmentalization.html,1,https://www.cvedetails.com/vulnerability-list/cweid-653/vulnerabilities.html,x,0
671,//www.cvedetails.com/cwe-details/671/Lack-of-Administrator-Control-over-Security.html,1,https://www.cvedetails.com/vulnerability-list/cweid-671/vulnerabilities.html,8278f0c639fdc1c575c04856060eae095d408685,4
684,//www.cvedetails.com/cwe-details/684/Failure-to-Provide-Specified-Functionality.html,1,https://www.cvedetails.com/vulnerability-list/cweid-684/vulnerabilities.html,a0935346c094fd57dca30f6b351104838b94b577,4.3
688,//www.cvedetails.com/cwe-details/688/Function-Call-With-Incorrect-Variable-or-Reference-as-Argume.html,1,https://www.cvedetails.com/vulnerability-list/cweid-688/vulnerabilities.html,x,0
703,//www.cvedetails.com/cwe-details/703/Failure-to-Handle-Exceptional-Conditions.html,1,https://www.cvedetails.com/vulnerability-list/cweid-703/vulnerabilities.html,x,0
710,//www.cvedetails.com/cwe-details/710/Coding-Standards-Violation.html,1,https://www.cvedetails.com/vulnerability-list/cweid-710/vulnerabilities.html,8f7d42461f67cfbc4a29ea62cf4a29358b534ca6,9
75,//www.cvedetails.com/cwe-details/75/Failure-to-Sanitize-Special-Elements-into-a-Different-Plane-.html,1,https://www.cvedetails.com/vulnerability-list/cweid-75/vulnerabilities.html,510e3e6d39ed35a3cb4f13e252d9080222110a18,6.5
756,//www.cvedetails.com/cwe-details/756/Missing-Custom-Error-Page.html,1,https://www.cvedetails.com/vulnerability-list/cweid-756/vulnerabilities.html,x,0
759,//www.cvedetails.com/cwe-details/759/Use-of-a-One-Way-Hash-without-a-Salt.html,1,https://www.cvedetails.com/vulnerability-list/cweid-759/vulnerabilities.html,7720a73b6c797d75ab6afc7a407fdf5b538eb465,5
760,//www.cvedetails.com/cwe-details/760/Use-of-a-One-Way-Hash-with-a-Predictable-Salt.html,1,https://www.cvedetails.com/vulnerability-list/cweid-760/vulnerabilities.html,7d23b11f57848aaa379317fcafb8c04b0cb3071a,2.1
774,//www.cvedetails.com/cwe-details/774/Allocation-of-File-Descriptors-or-Handles-Without-Limits-or-.html,1,https://www.cvedetails.com/vulnerability-list/cweid-774/vulnerabilities.html,f053a8d29edf9725d6cb33bbbd0b81c5c9211b6c,5
775,//www.cvedetails.com/cwe-details/775/Missing-Release-of-File-Descriptor-or-Handle-after-Effective.html,1,https://www.cvedetails.com/vulnerability-list/cweid-775/vulnerabilities.html,bcaf8c76a03be0355b4e770377e41f1a202ac9fe,7.2
779,//www.cvedetails.com/cwe-details/779/Logging-of-Excessive-Data.html,1,https://www.cvedetails.com/vulnerability-list/cweid-779/vulnerabilities.html,x,0
786,//www.cvedetails.com/cwe-details/786/Access-of-Memory-Location-Before-Start-of-Buffer.html,1,https://www.cvedetails.com/vulnerability-list/cweid-786/vulnerabilities.html,x,0
790,//www.cvedetails.com/cwe-details/790/Improper-Filtering-of-Special-Elements.html,1,https://www.cvedetails.com/vulnerability-list/cweid-790/vulnerabilities.html,x,0
84,//www.cvedetails.com/cwe-details/84/Failure-to-Resolve-Encoded-URI-Schemes-in-a-Web-Page.html,1,https://www.cvedetails.com/vulnerability-list/cweid-84/vulnerabilities.html,9b82953a0a95f663fa9470699e97374df2bc9ad8,0
87,//www.cvedetails.com/cwe-details/87/Failure-to-Sanitize-Alternate-XSS-Syntax.html,1,https://www.cvedetails.com/vulnerability-list/cweid-87/vulnerabilities.html,x,0
98,//www.cvedetails.com/cwe-details/98/Improper-Control-of-Filename-for-Include-Require-Statement-i.html,1,https://www.cvedetails.com/vulnerability-list/cweid-98/vulnerabilities.html,x,0
